{
  "pesos": [
    -0.07168910279336979,
    0.3902464964942845,
    5.870761007100229,
    3.4506370502803745
  ],
  "bias": -4.268959763930163,
  "tasa": 0.1
}